entry,expiry,spot_in,spot_out,condor_credit,condor_pnl,lottery_pnl
2020-01-03,2020-01-09,12227,12216,,,
2020-01-10,2020-01-16,12257,12356,,,
2020-01-17,2020-01-23,12352,12180,,,
2020-01-24,2020-01-30,12248,12036,,,
2020-01-31,2020-02-06,11962,12138,123.8,-47.9,-0.22
2020-02-07,2020-02-13,12098,12175,134.18,50.97,-1.52
2020-02-14,2020-02-20,12113,12081,136.22,80.19,-1.28
2020-02-28,2020-03-05,11202,11269,147.71,60.4,-4.58
2020-03-06,2020-03-12,10989,9590,142.96,-57.02,-3.73
2020-03-13,2020-03-19,9955,8263,168.7,-31.28,
2020-03-20,2020-03-26,8745,8641,173.84,44.05,
2020-03-27,2020-04-09,8660,9112,187.13,1.45,
2020-04-03,2020-04-09,8084,9112,180.88,-19.04,
2020-04-17,2020-04-23,9267,9314,182.84,37.98,
2020-04-24,2020-04-30,9154,9860,175.15,-24.58,
2020-05-08,2020-05-14,9252,9143,163.41,46.25,
2020-05-15,2020-05-21,9137,9106,161.52,67.16,
2020-05-22,2020-05-28,9039,9490,159.29,-39.93,-19.29
2020-05-29,2020-06-04,9580,10029,162.69,-35.65,
2020-06-05,2020-06-11,10142,9902,153.21,-28.55,-10.92
2020-06-12,2020-06-18,9973,10092,150.96,18.78,-7.61
2020-06-19,2020-06-25,10244,10289,146.67,73.6,-5.77
2020-06-26,2020-07-02,10383,10552,143.7,3.07,-3.8
2020-07-03,2020-07-09,10607,10813,140.11,-36.83,-1.98
2020-07-10,2020-07-16,10768,10740,135.72,81.62,-1.26
2020-07-17,2020-07-23,10902,11215,132.58,-66.41,-0.71
2020-07-24,2020-07-30,11194,11102,127.83,29.4,-0.66
2020-07-31,2020-08-06,11073,11200,132.28,-10.99,-0.84
2020-08-07,2020-08-13,11214,11300,136.93,33.6,-1.41
2020-08-14,2020-08-20,11178,11312,129.06,16.56,-0.62
2020-08-21,2020-08-27,11372,11559,129.79,-50.41,-0.58
2020-08-28,2020-09-03,11648,11527,122.4,2.13,-0.34
2020-09-04,2020-09-10,11334,11449,127.55,26.26,-0.55
2020-09-11,2020-09-17,11464,11516,129.85,54.68,-0.55
2020-09-18,2020-09-24,11505,10806,127.85,-72.13,-0.38
2020-09-25,2020-10-01,11050,11417,146.46,-52.75,-3.93
2020-10-09,2020-10-15,11914,11680,148.68,-26.16,-5.57
2020-10-16,2020-10-22,11762,11896,151.99,16.99,-7.87
2020-10-23,2020-10-29,11930,11671,134.23,-62.18,-1.23
2020-10-30,2020-11-05,11642,12120,132.4,-67.58,-1.15
2020-11-06,2020-11-12,12264,12691,139.53,-60.44,-1.93
2020-11-13,2020-11-19,12720,12772,135.99,54.26,-1.3
2020-11-20,2020-11-26,12859,12987,140.73,9.37,-2.15
2020-11-27,2020-12-03,12969,13134,136.39,-28.11,-1.36
2020-12-04,2020-12-10,13259,13478,136.65,-47.82,-1.29
2020-12-11,2020-12-17,13514,13741,129.05,-62.02,-0.49
2020-12-18,2020-12-24,13761,13749,117.04,77.39,-0.07
2021-01-01,2021-01-07,14018,14137,141.88,10.36,-2.65
2021-01-08,2021-01-14,14347,14596,143.97,-42.22,-4.47
2021-01-15,2021-01-21,14434,14590,147.32,14.91,-5.66
2021-01-22,2021-01-28,14372,13818,137.82,-62.16,-1.66
2021-01-29,2021-02-04,13635,14896,145.97,-54.01,740.71
2021-02-05,2021-02-11,14924,15173,167.29,-8.58,
2021-02-12,2021-02-18,15163,15119,167.49,63.64,
2021-02-19,2021-02-25,14982,15097,166.1,49.41,
2021-02-26,2021-03-04,14529,15081,168.65,-30.66,
2021-03-05,2021-03-17,14938,14721,173.47,6.52,
2021-03-12,2021-03-18,15031,14558,163.49,-36.15,
2021-03-19,2021-03-25,14744,14325,164.07,-34.19,
2021-03-26,2021-04-01,14507,14867,162.58,-32.59,
2021-04-09,2021-04-15,14835,14581,155.0,-30.73,-12.4
2021-04-16,2021-04-22,14618,14406,162.61,8.56,
2021-04-23,2021-04-29,14341,14895,161.65,-38.25,
2021-04-30,2021-05-06,14631,14725,159.71,58.22,-19.1
2021-05-07,2021-05-19,14823,15030,169.86,-1.76,
2021-05-14,2021-05-20,14678,14906,145.22,-25.89,-4.29
2021-05-21,2021-05-27,15175,15338,150.76,20.51,-7.57
2021-05-28,2021-06-03,15436,15690,147.49,-35.22,-5.88
2021-06-04,2021-06-10,15670,15738,139.2,44.67,-1.94
2021-06-11,2021-06-17,15799,15691,133.74,26.04,-1.47
2021-06-18,2021-06-24,15683,15790,104.01,11.83,-0.01
2021-06-25,2021-07-01,15860,15680,109.48,-53.05,-0.02
2021-07-02,2021-07-08,15722,15728,104.47,64.16,-0.01
2021-07-09,2021-07-15,15690,15924,104.86,-87.94,-0.02
2021-07-16,2021-07-22,15923,15824,108.02,32.17,-0.01
2021-07-23,2021-07-29,15856,15778,122.32,47.43,-0.16
2021-07-30,2021-08-05,15763,16295,122.16,-77.82,-0.17
2021-08-06,2021-08-12,16238,16364,130.46,15.69,-0.87
2021-08-13,2021-08-25,16529,16635,150.4,59.97,-8.73
2021-08-20,2021-08-26,16450,16637,120.45,-51.99,-0.11
2021-08-27,2021-09-02,16705,17234,117.97,-82.01,-0.08
2021-09-03,2021-09-09,17324,17369,124.6,48.79,-0.27
2021-09-17,2021-09-23,17585,17823,122.51,-65.58,-0.29
2021-09-24,2021-09-30,17853,17618,135.9,-49.86,-1.12
2021-10-01,2021-10-07,17532,17790,130.37,-60.19,-0.8
2021-10-08,2021-10-14,17895,18339,140.95,-59.02,-3.22
2021-10-22,2021-10-28,18115,17857,136.81,-51.94,-1.39
2021-10-29,2021-11-04,17672,17917,148.24,-41.22,-5.56
2021-11-12,2021-11-18,18103,17765,150.76,-46.59,-6.49
2021-11-26,2021-12-02,17026,17402,158.78,-36.92,-17.11
2021-12-03,2021-12-09,17197,17517,158.29,-33.92,-18.3
2021-12-10,2021-12-16,17511,17248,164.1,-9.32,
2021-12-17,2021-12-23,16985,17073,162.9,58.07,
2021-12-24,2021-12-30,17004,17204,159.51,-1.07,-16.32
2021-12-31,2022-01-06,17354,17746,157.74,-40.78,-13.65
2022-01-07,2022-01-13,17813,18258,155.46,-44.34,-11.33
2022-01-14,2022-01-20,18256,17757,151.05,-48.92,-6.84
2022-01-21,2022-01-27,17617,17110,146.39,-53.59,-4.4
2022-01-28,2022-02-03,17102,17560,156.56,-43.19,-11.95
2022-02-04,2022-02-10,17516,17606,158.53,44.71,-15.75
2022-02-11,2022-02-17,17375,17305,161.16,67.49,
2022-02-18,2022-02-24,17276,16248,169.34,-30.64,
2022-02-25,2022-03-03,16658,16498,173.92,34.55,
2022-03-04,2022-03-10,16245,16595,172.28,-12.16,
2022-03-11,2022-03-17,16630,17287,174.86,-24.54,
2022-03-25,2022-03-31,17153,17465,174.33,-2.64,
2022-04-01,2022-04-07,17670,17640,164.61,68.65,
2022-04-08,2022-04-21,17784,17393,171.38,-27.44,
2022-04-22,2022-04-28,17172,17245,157.59,49.58,-14.74
2022-04-29,2022-05-05,17103,16683,161.32,-37.31,-19.49
2022-05-06,2022-05-12,16411,15808,158.11,-41.87,-14.7
2022-05-13,2022-05-19,15782,15809,157.37,74.94,-15.38
2022-05-20,2022-05-26,16266,16170,168.02,54.34,
2022-05-27,2022-06-02,16352,16628,166.6,-11.14,
2022-06-03,2022-06-09,16584,16478,165.76,41.55,
2022-06-10,2022-06-16,16202,15361,164.12,-35.86,
2022-06-17,2022-06-23,15294,15557,153.13,-30.61,-10.95
2022-06-24,2022-06-30,15699,15780,159.03,56.15,-19.81
2022-07-01,2022-07-07,15752,16133,155.97,-42.42,-11.21
2022-07-08,2022-07-14,16221,15939,156.9,-25.69,-13.65
2022-07-15,2022-07-21,16049,16605,140.45,-59.53,52.11
2022-07-22,2022-07-28,16719,16930,130.91,-56.73,-0.66
2022-07-29,2022-08-04,17158,17382,144.21,-37.95,-3.23
2022-08-05,2022-08-11,17398,17659,144.21,-45.35,-4.64
2022-08-12,2022-08-18,17698,17956,136.11,-56.18,-1.93
2022-08-19,2022-08-25,17758,17522,140.23,-42.11,-2.02
2022-08-26,2022-09-01,17559,17543,142.98,81.56,-2.81
2022-09-02,2022-09-08,17539,17799,152.86,-28.99,-10.46
2022-09-09,2022-09-15,17833,17877,154.73,74.18,-12.07
2022-09-16,2022-09-22,17531,17630,158.03,56.26,-16.36
2022-09-23,2022-09-29,17327,16818,158.71,-41.24,-17.1
2022-09-30,2022-10-06,17094,17332,154.38,-20.9,-12.48
2022-10-07,2022-10-13,17315,17014,160.07,-25.8,-18.22
2022-10-14,2022-10-20,17186,17564,161.69,-33.7,
2022-10-21,2022-10-27,17576,17737,159.96,30.52,-19.19
2022-10-28,2022-11-03,17787,18053,152.58,-30.59,-10.0
2022-11-04,2022-11-10,18117,18028,140.07,58.1,-2.11
2022-11-11,2022-11-17,18350,18344,138.67,81.82,-2.62
2022-11-18,2022-11-24,18308,18484,134.19,-31.72,-0.93
2022-11-25,2022-12-01,18513,18812,139.08,-59.13,-1.81
2022-12-02,2022-12-08,18696,18609,136.21,42.55,-1.93
2022-12-09,2022-12-15,18497,18415,121.11,35.28,-0.28
2022-12-16,2022-12-22,18269,18127,134.32,15.18,-1.04
2022-12-23,2022-12-29,17807,18191,139.38,-60.5,-1.79
2022-12-30,2023-01-05,18105,17992,143.51,35.37,-2.92
2023-01-06,2023-01-12,17859,17858,145.62,80.74,-3.83
2023-01-13,2023-01-19,17957,18108,147.73,3.94,-4.77
2023-01-20,2023-02-01,18028,17616,156.0,-43.97,-15.05
2023-01-27,2023-02-02,17604,17610,143.82,80.77,-3.0
2023-02-03,2023-02-09,17854,17893,146.43,71.88,-4.04
2023-02-10,2023-02-16,17856,18036,140.71,-23.07,-2.11
2023-02-17,2023-02-23,17944,17511,140.26,-59.71,-2.97
2023-02-24,2023-03-02,17466,17322,133.13,9.33,-0.86
2023-03-03,2023-03-09,17594,17590,139.91,81.39,-2.85
2023-03-10,2023-03-16,17413,16986,142.45,-57.49,-2.72
2023-03-17,2023-03-23,17100,17077,143.46,79.22,-2.77
2023-03-24,2023-04-06,16945,17599,159.57,-40.42,
2023-03-31,2023-04-06,17360,17599,148.8,-35.91,-5.48
2023-04-21,2023-04-27,17624,17915,128.51,-70.9,-0.48
2023-04-28,2023-05-04,18065,18256,123.74,-57.67,-0.22
2023-05-05,2023-05-11,18069,18297,124.32,-69.78,-0.25
2023-05-12,2023-05-18,18315,18130,125.58,-32.92,-0.29
2023-05-19,2023-05-25,18203,18321,127.13,6.2,-0.33
2023-05-26,2023-06-01,18499,18488,131.27,80.67,-1.11
2023-06-02,2023-06-08,18534,18635,119.43,31.37,-0.18
2023-06-09,2023-06-15,18563,18688,120.02,-16.65,-0.12
2023-06-16,2023-06-22,18826,18771,115.89,36.43,-0.09
2023-06-23,2023-07-05,18666,19398,136.92,-63.07,196.88
2023-06-30,2023-07-06,19189,19497,124.62,-74.41,-0.42
2023-07-07,2023-07-13,19332,19414,129.47,55.46,-0.72
2023-07-14,2023-07-20,19564,19979,129.71,-70.27,-0.54
2023-07-21,2023-07-27,19745,19660,136.63,43.34,-2.01
2023-07-28,2023-08-03,19646,19382,131.6,-63.87,-1.12
2023-08-04,2023-08-10,19517,19543,136.84,71.25,-1.42
2023-08-11,2023-08-17,19428,19365,135.84,46.73,-1.53
2023-08-18,2023-08-24,19310,19387,128.52,37.22,-0.43
2023-08-25,2023-08-31,19266,19254,121.98,79.39,-0.17
2023-09-01,2023-09-07,19435,19727,116.62,-82.08,-0.12
2023-09-08,2023-09-14,19820,20103,117.9,-81.76,-0.09
2023-09-15,2023-09-21,20192,19742,112.76,-87.22,-0.08
2023-09-22,2023-09-28,19674,19524,132.93,10.61,-0.89
2023-09-29,2023-10-05,19638,19546,134.59,30.64,-1.48
2023-10-06,2023-10-12,19654,19794,135.52,-2.82,-1.07
2023-10-13,2023-10-19,19751,19625,136.38,15.36,-1.17
2023-10-20,2023-10-26,19543,18857,129.22,-70.76,-0.81
2023-10-27,2023-11-02,19047,19133,145.39,50.98,-5.27
2023-11-03,2023-11-09,19231,19395,145.07,8.46,-4.44
2023-11-10,2023-11-16,19425,19765,142.6,-55.11,-3.23
2023-11-17,2023-11-23,19732,19802,146.44,68.13,-5.21
2023-11-24,2023-11-30,19795,20133,122.69,-77.16,-0.35
2023-12-01,2023-12-07,20268,20901,119.17,-80.82,101.04
2023-12-08,2023-12-14,20969,21183,138.36,-47.39,-1.75
2023-12-15,2023-12-21,21457,21255,143.66,-22.2,-3.03
2023-12-22,2023-12-28,21349,21779,151.0,-48.79,-9.45
2023-12-29,2024-01-04,21731,21659,152.01,51.13,-9.27
2024-01-05,2024-01-11,21711,21647,146.27,69.75,-4.22
2024-01-12,2024-01-18,21895,21462,148.4,-51.51,-7.1
2024-01-19,2024-01-25,21622,21353,154.05,-26.51,-10.4
2024-02-02,2024-02-08,21854,21718,164.43,37.28,
2024-02-09,2024-02-15,21782,21911,164.61,44.4,
2024-02-16,2024-02-22,22041,22217,159.2,14.57,-19.61
2024-02-23,2024-02-29,22213,21983,151.36,-20.13,-7.46
2024-03-01,2024-03-07,22339,22494,148.95,14.28,-7.22
2024-03-15,2024-03-21,22023,22012,151.97,78.52,-8.43
2024-03-22,2024-03-28,22097,22327,152.75,-22.29,-11.04
2024-04-05,2024-04-18,22514,21996,163.27,-36.71,
2024-04-12,2024-04-18,22519,21996,150.16,-49.82,-6.82
2024-04-19,2024-04-25,22147,22570,147.37,-52.48,-6.53
2024-04-26,2024-05-02,22420,22648,146.73,-39.32,-4.71
2024-05-03,2024-05-09,22476,21958,147.42,-52.57,-5.58
2024-05-10,2024-05-16,22055,22404,152.13,-45.91,-7.74
2024-05-17,2024-05-23,22466,22968,148.07,-51.91,-5.34
2024-05-24,2024-05-30,22957,22489,152.95,-46.95,-8.57
2024-05-31,2024-06-06,22531,22821,151.67,-36.84,-8.95
2024-06-07,2024-06-13,23290,23399,181.83,37.38,
2024-06-14,2024-06-20,23466,23567,181.9,35.82,
2024-06-21,2024-06-27,23501,24044,181.7,-10.59,
2024-06-28,2024-07-04,24011,24302,181.79,13.43,
2024-07-05,2024-07-11,24324,24316,141.49,80.93,-2.65
2024-07-12,2024-07-18,24502,24801,122.59,-76.78,-0.17
2024-07-19,2024-07-25,24531,24406,137.8,2.85,-2.07
2024-07-26,2024-08-01,24835,25011,147.28,1.02,-6.0
2024-08-02,2024-08-08,24718,24117,151.41,-48.58,-7.78
2024-08-09,2024-08-21,24368,24770,176.32,-20.42,
2024-08-16,2024-08-22,24541,24812,168.97,-2.57,
2024-08-23,2024-08-29,24823,25152,168.6,-21.04,
2024-08-30,2024-09-05,25236,25145,167.0,47.83,
2024-09-06,2024-09-12,24852,25389,149.31,-50.67,-5.66
2024-09-13,2024-09-19,25356,25416,148.55,61.79,-5.37
2024-09-20,2024-09-26,25791,26216,154.39,-45.09,-12.68
2024-09-27,2024-10-03,26179,25250,155.71,-44.27,-13.42
2024-10-04,2024-10-10,25015,24998,166.4,66.76,
2024-10-11,2024-10-17,24964,24750,161.44,4.55,
2024-10-18,2024-10-24,24854,24399,163.17,-35.9,
2024-10-25,2024-10-31,24181,24205,155.89,76.16,-13.67
2024-11-01,2024-11-07,24304,24199,147.72,43.72,-4.8
2024-11-08,2024-11-14,24148,23533,156.46,-43.52,-15.93
2024-11-22,2024-11-28,23907,23914,165.29,67.44,
2024-11-29,2024-12-05,24131,24708,168.45,-31.19,
2024-12-06,2024-12-12,24678,24549,167.26,31.78,
2024-12-13,2024-12-19,24768,23952,162.34,-37.65,
2024-12-20,2024-12-26,23588,23750,161.04,24.99,
2024-12-27,2025-01-02,23813,24189,155.79,-42.94,-11.95
2025-01-03,2025-01-09,24005,23526,159.13,-40.63,-16.07
2025-01-10,2025-01-16,23432,23312,161.86,32.93,
2025-01-17,2025-01-23,23203,23205,160.43,72.8,-18.13
2025-01-24,2025-01-30,23092,23250,160.2,24.42,
2025-01-31,2025-02-06,23508,23603,159.87,46.11,-17.6
2025-02-07,2025-02-13,23560,23031,155.63,-44.33,-11.54
2025-02-14,2025-02-20,22929,22913,157.51,71.5,-15.74
2025-02-21,2025-02-27,22796,22545,150.09,-35.05,-8.51
2025-02-28,2025-03-06,22125,22545,149.92,-49.99,-6.84
2025-03-07,2025-03-13,22552,22397,150.27,12.28,-6.24
2025-03-21,2025-03-27,23350,23592,158.09,-17.97,-14.11
2025-03-28,2025-04-03,23519,23250,159.28,-17.78,-17.45
2025-04-04,2025-04-17,22904,23852,171.91,-28.07,
2025-04-11,2025-04-17,22829,23852,172.59,-27.39,
2025-04-25,2025-05-07,24039,24414,182.46,-1.13,
2025-05-02,2025-05-08,24347,24274,175.96,47.72,
2025-05-09,2025-05-15,24008,25062,166.56,-33.42,
2025-05-16,2025-05-22,25020,24610,173.37,-16.41,
2025-05-23,2025-05-29,24853,24834,173.16,56.88,
2025-05-30,2025-06-05,24751,24751,172.61,57.96,
2025-06-06,2025-06-12,25003,24888,172.53,44.52,
2025-06-13,2025-06-19,24719,24793,152.22,48.18,-8.51
2025-06-20,2025-06-26,25112,25549,151.59,-48.3,-7.71
2025-06-27,2025-07-03,25638,25405,154.74,-24.05,-12.86
2025-07-04,2025-07-10,25461,25355,151.71,49.51,-7.76
2025-07-11,2025-07-17,25150,25111,148.76,74.7,-7.75
2025-07-18,2025-07-24,24968,25062,140.96,27.33,-2.42
2025-07-25,2025-07-31,24837,24768,131.49,46.53,-1.05
2025-08-01,2025-08-07,24565,24596,138.41,70.03,-1.73
2025-08-08,2025-08-14,24363,24631,141.51,-53.42,-2.49
2025-08-22,2025-08-28,24870,24501,150.36,-47.88,-7.05
2025-08-29,2025-09-04,24427,24734,150.28,-41.48,-7.65
2025-09-05,2025-09-11,24741,25006,150.07,-35.78,-8.3
2025-09-12,2025-09-18,25114,25424,144.12,-53.98,-3.41
2025-09-19,2025-09-25,25327,24891,143.05,-56.92,-3.61
2025-09-26,2025-10-08,24655,25046,153.85,-46.1,-10.87
2025-10-03,2025-10-09,24894,25182,136.31,-59.96,-1.99
2025-10-10,2025-10-16,25285,25585,141.21,-54.17,-3.18
2025-10-17,2025-10-23,25710,25891,147.23,-16.49,-4.74
2025-10-24,2025-10-30,25795,25878,144.77,53.71,-5.04
2025-10-31,2025-11-06,25722,25510,140.48,-24.64,-2.34
2025-11-07,2025-11-13,25492,25879,141.25,-58.52,-3.4
2025-11-14,2025-11-20,25910,26192,140.2,-56.35,-2.1
2025-11-21,2025-11-27,26068,26216,139.44,-13.49,-2.02
2025-11-28,2025-12-04,26203,26034,142.18,-7.18,-2.53
2025-12-05,2025-12-11,26186,25899,138.89,-58.47,-2.51
2025-12-12,2025-12-18,26047,25816,145.42,-36.17,-5.47
2025-12-19,2025-12-31,25966,26130,159.49,0.2,
2025-12-26,2026-01-01,26042,26147,137.67,36.16,-2.3
2026-01-02,2026-01-08,26329,25877,142.81,-57.17,-3.59
2026-01-09,2026-01-21,25683,25158,157.99,-41.99,-19.92
2026-01-16,2026-01-22,25694,25290,139.58,-60.36,-2.89
2026-01-23,2026-01-29,25049,25419,145.85,-53.55,-5.75
2026-01-30,2026-02-05,25321,25643,148.8,-49.46,-5.99
2026-02-06,2026-02-12,25694,25807,164.54,45.59,
2026-02-13,2026-02-19,25471,25454,165.29,68.1,
2026-02-20,2026-02-26,25571,25497,166.03,62.16,
2026-02-27,2026-03-05,25179,24766,166.86,-30.73,
2026-03-06,2026-03-12,24450,23639,163.98,-36.0,
2026-03-13,2026-03-19,23151,23002,167.96,33.44,
2026-03-20,2026-04-02,23114,22713,181.62,-7.67,
2026-03-27,2026-04-02,22820,22713,177.64,44.37,
2026-04-10,2026-04-16,24051,24197,182.07,32.82,
2026-04-17,2026-04-23,24354,24173,181.39,29.96,
2026-04-24,2026-04-30,23898,23998,177.64,42.69,
2026-05-08,2026-05-14,24176,23690,162.37,-37.44,
2026-05-15,2026-05-21,23644,23655,163.06,70.21,
2026-05-22,2026-06-03,23719,23406,171.34,-16.07,
2026-05-29,2026-06-04,23548,23417,161.74,35.02,
2026-06-05,2026-06-11,23367,23162,158.47,4.81,-15.9
2026-06-12,2026-06-18,23623,24168,156.84,-43.14,4.09
2026-06-19,2026-06-25,24013,24056,160.36,64.22,-18.89
2026-07-03,2026-07-09,24271,23963,157.19,-31.0,-14.3
2026-07-10,2026-07-16,24207,24073,163.49,38.88,
2026-07-17,2026-07-23,24334,23870,159.52,-40.26,-19.71
2026-07-24,2026-07-30,23767,24317,156.31,-43.67,4.29
2026-07-31,2026-08-06,24384,24636,159.06,-14.24,-18.8
2026-08-07,2026-08-13,24571,24396,152.95,14.95,-9.28
2026-08-14,2026-08-20,24366,24232,148.8,33.16,-5.82
